{"calibration":112608.3657,"stationary physics_initial":2979.186993,"stationary physics_second":3373.995258,"moving physics_initial":5614.60067,"moving physics_second":5517.050414,"collision without hits_initial":138112.3227,"collision without hits_second":151703.9087,"collision with only hits_initial":145291.9077,"collision with only hits_second":156716.822}