{"calibration":137766.2699,"stationary physics_initial":4756.56613,"stationary physics_second":4144.548866,"moving physics_initial":6803.616091,"moving physics_second":6856.897645,"collision without hits_initial":153100.9953,"collision without hits_second":147596.2831,"collision with only hits_initial":157477.7982,"collision with only hits_second":155702.6778}